Date,TSX
2008-01-02,13926.7998
2008-01-03,13978.2002
2008-01-04,13778.59961
2008-01-07,13618.90039
2008-01-08,13541.7998
2008-01-09,13579.90039
2008-01-10,13642.7002
2008-01-11,13632.59961
2008-01-14,13698.2998
2008-01-15,13316.7998
2008-01-16,13074.90039
2008-01-17,12795.59961
2008-01-18,12737.09961
2008-01-21,12132.09961
2008-01-22,12640.90039
2008-01-23,12657.40039
2008-01-24,12907.2998
2008-01-25,12894.7998
2008-01-28,12986.90039
2008-01-29,13046.40039
2008-01-30,12998.2002
2008-01-31,13155.09961
2008-02-01,13318.40039
2008-02-04,13258.2002
2008-02-05,12932
2008-02-06,12867.2002
2008-02-07,12925.40039
2008-02-08,12989.2998
2008-02-11,13130.90039
2008-02-12,13087.40039
2008-02-13,13282.2998
2008-02-14,13208
2008-02-15,13226.7998
2008-02-19,13447.7002
2008-02-20,13551.7002
2008-02-21,13509.59961
2008-02-22,13585.90039
2008-02-25,13697.5
2008-02-26,13797
2008-02-27,13778.40039
2008-02-28,13873.90039
2008-02-29,13582.7002
2008-03-03,13544.40039
2008-03-04,13476.7998
2008-03-05,13603.2998
2008-03-06,13360.40039
2008-03-07,13281.7002
2008-03-10,13005.09961
2008-03-11,13344.5
2008-03-12,13297.40039
2008-03-13,13443.5
2008-03-14,13252.7998
2008-03-17,12952.2002
2008-03-18,13136.7002
2008-03-19,12709.40039
2008-03-20,12775.59961
2008-03-24,13019.7002
2008-03-25,13322.2002
2008-03-26,13391.90039
2008-03-27,13405.7998
2008-03-28,13233.7998
2008-03-31,13350.09961
2008-04-01,13440.7002
2008-04-02,13514.09961
2008-04-03,13551.2998
2008-04-04,13668.2002
2008-04-07,13745
2008-04-08,13727.5
2008-04-09,13750.59961
2008-04-10,13909.59961
2008-04-11,13683
2008-04-14,13738.59961
2008-04-15,13851
2008-04-16,14099.5
2008-04-17,14115.5
2008-04-18,14237.09961
2008-04-21,14321.2002
2008-04-22,14266.2998
2008-04-23,14069.7998
2008-04-24,13966.2998
2008-04-25,14103.90039
2008-04-28,14085.90039
2008-04-29,13825.59961
2008-04-30,13937
2008-05-01,14065.7998
2008-05-02,14280.2998
2008-05-05,14274.2998
2008-05-06,14414.2998
2008-05-07,14371.5
2008-05-08,14608
2008-05-09,14521.2002
2008-05-12,14666.09961
2008-05-13,14616.7002
2008-05-14,14626.2998
2008-05-15,14828.09961
2008-05-16,14984.2002
2008-05-20,15047.2998
2008-05-21,14790.40039
2008-05-22,14792.40039
2008-05-23,14723.40039
2008-05-26,14758.59961
2008-05-27,14522.09961
2008-05-28,14688.59961
2008-05-29,14577.2002
2008-05-30,14714.7002
2008-06-02,14814.2002
2008-06-03,14728.59961
2008-06-04,14690.5
2008-06-05,14982.90039
2008-06-06,14969.59961
2008-06-09,14960.7998
2008-06-10,14736.2002
2008-06-11,14716.5
2008-06-12,14602.59961
2008-06-13,14778.5
2008-06-16,14944.2998
2008-06-17,15068.7998
2008-06-18,15073.09961
2008-06-19,14790.2002
2008-06-20,14580.7002
2008-06-23,14691.7998
2008-06-24,14409.59961
2008-06-25,14441.09961
2008-06-26,14292.09961
2008-06-27,14355.2002
2008-06-30,14467
2008-07-02,14034.09961
2008-07-03,14143.59961
2008-07-04,14010.40039
2008-07-07,13712.7998
2008-07-08,13809.7998
2008-07-09,13610.7998
2008-07-10,13743.90039
2008-07-11,13709.09961
2008-07-14,13741.2998
2008-07-15,13357.59961
2008-07-16,13503.7998
2008-07-17,13460.2998
2008-07-18,13516
2008-07-21,13689.2002
2008-07-22,13643.2002
2008-07-23,13512.7002
2008-07-24,13206.09961
2008-07-25,13378.7998
2008-07-28,13304
2008-07-29,13342.59961
2008-07-30,13683.2002
2008-07-31,13592.90039
2008-08-01,13496.5
2008-08-05,13242.2002
2008-08-06,13453.5
2008-08-07,13385.2002
2008-08-08,13341.7002
2008-08-11,13203.2002
2008-08-12,13167
2008-08-13,13377.2002
2008-08-14,13358.90039
2008-08-15,13096.7002
2008-08-18,13119.40039
2008-08-19,13063.90039
2008-08-20,13350.09961
2008-08-21,13539.2002
2008-08-22,13447.2998
2008-08-25,13289
2008-08-26,13299.09961
2008-08-27,13530.7002
2008-08-28,13750.5
2008-08-29,13771.2998
2008-09-02,13299.5
2008-09-03,13137.7002
2008-09-04,12814.09961
2008-09-05,12816.40039
2008-09-08,12634.59961
2008-09-09,12146.7998
2008-09-10,12497.2002
2008-09-11,12612.7998
2008-09-12,12769.59961
2008-09-15,12254
2008-09-16,12227
2008-09-17,11877.7002
2008-09-18,12064.59961
2008-09-19,12913
2008-09-22,12638.09961
2008-09-23,12532.59961
2008-09-24,12513.40039
2008-09-25,12546.5
2008-09-26,12126
2008-09-29,11285.09961
2008-09-30,11752.90039
2008-10-01,11714.5
2008-10-02,10900.5
2008-10-03,10803.40039
2008-10-06,10230.40039
2008-10-07,9829.599609
2008-10-08,10056.2998
2008-10-09,9600.200195
2008-10-10,9065.200195
2008-10-14,9955.700195
2008-10-15,9323.900391
2008-10-16,9270
2008-10-17,9562.5
2008-10-20,10251.40039
2008-10-21,9795.799805
2008-10-22,9236.900391
2008-10-23,9331.400391
2008-10-24,9294.099609
2008-10-27,8537.299805
2008-10-28,9151.599609
2008-10-29,9501.599609
2008-10-30,9856.200195
2008-10-31,9762.799805
2008-11-03,9721.299805
2008-11-04,10116.59961
2008-11-05,9887.200195
2008-11-06,9555.400391
2008-11-07,9596.200195
2008-11-10,9688.799805
2008-11-11,9424
2008-11-12,8922.599609
2008-11-13,9352.799805
2008-11-14,9056
2008-11-17,8795.5
2008-11-18,8835.700195
2008-11-19,8490.599609
2008-11-20,7724.799805
2008-11-21,8155.399902
2008-11-24,8440.900391
2008-11-25,8442.900391
2008-11-26,8643.5
2008-11-27,8753.799805
2008-11-28,9270.599609
2008-12-01,8406.200195
2008-12-02,8327.799805
2008-12-03,8297
2008-12-04,8057.799805
2008-12-05,8117
2008-12-08,8567.099609
2008-12-09,8397.599609
2008-12-10,8634
2008-12-11,8391.900391
2008-12-12,8515.5
2008-12-15,8461.799805
2008-12-16,8724.099609
2008-12-17,8724.099609
2008-12-18,8425.400391
2008-12-19,8552
2008-12-22,8249.5
2008-12-23,8311.900391
2008-12-24,8310.599609
2008-12-29,8637.299805
2008-12-30,8830.700195
2008-12-31,8987.700195
2009-01-02,9234.099609
2009-01-05,9285.5
2009-01-06,9472.099609
2009-01-07,9121.299805
2009-01-08,9221.599609
2009-01-09,9085.200195
2009-01-12,8793.299805
2009-01-13,8961.599609
2009-01-14,8688.400391
2009-01-15,8879.599609
2009-01-16,8920.400391
2009-01-19,8841.5
2009-01-20,8504.900391
2009-01-21,8757.900391
2009-01-22,8486.599609
2009-01-23,8628
2009-01-26,8656.5
2009-01-27,8759.599609
2009-01-28,8906.200195
2009-01-29,8762.799805
2009-01-30,8694.900391
2009-02-02,8624.799805
2009-02-03,8628.599609
2009-02-04,8693.099609
2009-02-05,8861
2009-02-06,9008
2009-02-09,9047.299805
2009-02-10,8817.900391
2009-02-11,8737.900391
2009-02-12,8778.799805
2009-02-13,8678.099609
2009-02-17,8378.700195
2009-02-18,8176
2009-02-19,8185.399902
2009-02-20,7950
2009-02-23,7647.700195
2009-02-24,7859.299805
2009-02-25,7932.299805
2009-02-26,8186.799805
2009-02-27,8123
2009-03-02,7687.5
2009-03-03,7631.600098
2009-03-04,7814.799805
2009-03-05,7629.200195
2009-03-06,7591.5
2009-03-09,7566.899902
2009-03-10,7880.399902
2009-03-11,8011
2009-03-12,8282.299805
2009-03-13,8303.400391
2009-03-16,8386.700195
2009-03-17,8559.599609
2009-03-18,8629.099609
2009-03-19,8690.5
2009-03-20,8506.400391
2009-03-23,8958.5
2009-03-24,8849.400391
2009-03-25,8797.400391
2009-03-26,8995.5
2009-03-27,8821.099609
2009-03-30,8596.200195
2009-03-31,8720.400391
2009-04-01,8941.799805
2009-04-02,9073.099609
2009-04-03,9065.799805
2009-04-06,9016.200195
2009-04-07,8824.799805
2009-04-08,8969.299805
2009-04-09,9187.099609
2009-04-13,9285.599609
2009-04-14,9231.599609
2009-04-15,9246.099609
2009-04-16,9343.400391
2009-04-17,9437.700195
2009-04-20,9126.200195
2009-04-21,9247.200195
2009-04-22,9279.200195
2009-04-23,9409.5
2009-04-24,9549.5
2009-04-27,9394.799805
2009-04-28,9348
2009-04-29,9416.299805
2009-04-30,9324.799805
2009-05-01,9497
2009-05-04,9870.400391
2009-05-05,9880.700195
2009-05-06,10143.40039
2009-05-07,9967.099609
2009-05-08,10238
2009-05-11,10094.09961
2009-05-12,10077.7002
2009-05-13,9709.5
2009-05-14,9849.200195
2009-05-15,9762.900391
2009-05-19,10101
2009-05-20,10232.40039
2009-05-21,9949.599609
2009-05-22,9993.400391
2009-05-25,10069.5
2009-05-26,10285.90039
2009-05-27,10142.2002
2009-05-28,10392.40039
2009-05-29,10370.09961
2009-06-01,10604.09961
2009-06-02,10588.7998
2009-06-03,10290.09961
2009-06-04,10477.2002
2009-06-05,10569.2998
2009-06-08,10549.09961
2009-06-09,10547.90039
2009-06-10,10598
2009-06-11,10714.09961
2009-06-12,10645
2009-06-15,10394.7998
2009-06-16,10307.40039
2009-06-17,10066.09961
2009-06-18,10121.5
2009-06-19,10288
2009-06-22,9834.200195
2009-06-23,9896.700195
2009-06-24,10100.90039
2009-06-25,10355.90039
2009-06-26,10389.7998
2009-06-29,10476.7998
2009-06-30,10374.90039
2009-07-02,10245.90039
2009-07-03,10283.09961
2009-07-06,10027.40039
2009-07-07,9844.400391
2009-07-08,9653.5
2009-07-09,9773.900391
2009-07-10,9747.099609
2009-07-13,9891.900391
2009-07-14,9986.200195
2009-07-15,10215.5
2009-07-16,10304.40039
2009-07-17,10369.40039
2009-07-20,10540.7002
2009-07-21,10515.2998
2009-07-22,10432.40039
2009-07-23,10675.7002
2009-07-24,10687.90039
2009-07-27,10757.40039
2009-07-28,10570.5
2009-07-29,10455.2998
2009-07-30,10676.7002
2009-07-31,10787.2002
2009-08-04,11018.09961
2009-08-05,11046.90039
2009-08-06,10793.40039
2009-08-07,10885.2998
2009-08-10,10793.7002
2009-08-11,10629.5
2009-08-12,10659.90039
2009-08-13,10825.59961
2009-08-14,10848
2009-08-17,10531.59961
2009-08-18,10673.7998
2009-08-19,10686.7998
2009-08-20,10700.5
2009-08-21,10831.2002
2009-08-24,10790
2009-08-25,10920.5
2009-08-26,10912.2002
2009-08-27,10934
2009-08-28,10978
2009-08-31,10868.2002
2009-09-01,10689.7998
2009-09-02,10701.2998
2009-09-03,10921.5
2009-09-04,11017.5
2009-09-08,11105.2998
2009-09-09,11000.2002
2009-09-10,11155
2009-09-11,11253.2002
2009-09-14,11332
2009-09-15,11495.7998
2009-09-16,11555.59961
2009-09-17,11528.2002
2009-09-18,11446
2009-09-21,11424.59961
2009-09-22,11585.7002
2009-09-23,11517.5
2009-09-24,11285.7998
2009-09-25,11212.40039
2009-09-28,11338.7002
2009-09-29,11395
2009-09-30,11395
2009-10-01,11071.7998
2009-10-02,10958.2998
2009-10-05,11102.59961
2009-10-06,11248
2009-10-07,11349.90039
2009-10-08,11484.5
2009-10-09,11436.90039
2009-10-13,11413.5
2009-10-14,11532.7998
2009-10-15,11504.5
2009-10-16,11504.7998
2009-10-19,11538.40039
2009-10-20,11538.09961
2009-10-21,11442
2009-10-22,11533.40039
2009-10-23,11382.09961
2009-10-26,11234.90039
2009-10-27,11053.5
2009-10-28,10805.2998
2009-10-29,11075.2002
2009-10-30,10910.7998
2009-11-02,10878.40039
2009-11-03,11025.90039
2009-11-04,11071.2002
2009-11-05,11180.7002
2009-11-06,11250.40039
2009-11-09,11486.90039
2009-11-10,11426.7002
2009-11-11,11439.7998
2009-11-12,11360.7998
2009-11-13,11407.7002
2009-11-16,11512.2998
2009-11-17,11630
2009-11-18,11652.7002
2009-11-19,11600.2998
2009-11-20,11579.2998
2009-11-23,11624
2009-11-24,11539.59961
2009-11-25,11636.90039
2009-11-26,11436.7998
2009-11-27,11464.40039
2009-11-30,11447.2002
2009-12-01,11707.2998
2009-12-02,11779.7002
2009-12-03,11636.59961
2009-12-04,11510.7998
2009-12-07,11489.59961
2009-12-08,11368.90039
2009-12-09,11379.2002
2009-12-10,11464.59961
2009-12-11,11423.90039
2009-12-14,11545.7002
2009-12-15,11541
2009-12-16,11637
2009-12-17,11473.09961
2009-12-18,11463.40039
2009-12-21,11554.7002
2009-12-22,11628
2009-12-23,11658.7002
2009-12-24,11754.59961
2009-12-29,11701.7998
2009-12-30,11717.5
2009-12-31,11746.09961
2010-01-04,11866.90039
2010-01-05,11888.09961
2010-01-06,11944.5
2010-01-07,11887.5
2010-01-08,11953.7998
2010-01-11,11947.09961
2010-01-12,11820.2002
2010-01-13,11853.59961
2010-01-14,11804.40039
2010-01-15,11685.40039
2010-01-18,11750.5
2010-01-19,11763.40039
2010-01-20,11679.2998
2010-01-21,11469.09961
2010-01-22,11343.40039
2010-01-25,11354.5
2010-01-26,11361.2002
2010-01-27,11344.09961
2010-01-28,11274.2002
2010-01-29,11094.2998
2010-02-01,11317.59961
2010-02-02,11408.2998
2010-02-03,11390.5
2010-02-04,11128.7998
2010-02-05,11223.09961
2010-02-08,11115.2998
2010-02-09,11274.2002
2010-02-10,11286.2998
2010-02-11,11435.5
2010-02-12,11469.7998
2010-02-16,11586.40039
2010-02-17,11635.5
2010-02-18,11694.7998
2010-02-19,11709.2998
2010-02-22,11634.7998
2010-02-23,11526.7002
2010-02-24,11521.7998
2010-02-25,11631.40039
2010-02-26,11629.59961
2010-03-01,11728.09961
2010-03-02,11828.2998
2010-03-03,11852.90039
2010-03-04,11825
2010-03-05,11975.09961
2010-03-08,11963.7998
2010-03-09,11918.7002
2010-03-10,11961.09961
2010-03-11,11979.7002
2010-03-12,12013.7998
2010-03-15,12008.7998
2010-03-16,12089.40039
2010-03-17,12100.7002
2010-03-18,12040
2010-03-19,11948
2010-03-22,11967.2002
2010-03-23,12044.5
2010-03-24,11963
2010-03-25,11958.09961
2010-03-26,11957.40039
2010-03-29,12029.7002
2010-03-30,12044.2002
2010-03-31,12037.7002
2010-04-01,12151.09961
2010-04-05,12186.40039
2010-04-06,12156.7002
2010-04-07,12110.90039
2010-04-08,12113.5
2010-04-09,12176.7998
2010-04-12,12148.7002
2010-04-13,12101.5
2010-04-14,12204.40039
2010-04-15,12211.5
2010-04-16,12070.7002
2010-04-19,12103
2010-04-20,12113.5
2010-04-21,12134.59961
2010-04-22,12160.90039
2010-04-23,12239.59961
2010-04-26,12281
2010-04-27,12146.7002
2010-04-28,12076.90039
2010-04-29,12200.2998
2010-04-30,12210.7002
2010-05-03,12196.5
2010-05-04,12030.90039
2010-05-05,11875.09961
2010-05-06,11842.40039
2010-05-07,11692.40039
2010-05-10,11947.90039
2010-05-11,12000.59961
2010-05-12,12196
2010-05-13,12116.59961
2010-05-14,12015
2010-05-17,11813
2010-05-18,11764.5
2010-05-19,11665.7998
2010-05-20,11406
2010-05-21,11521.40039
2010-05-25,11518.09961
2010-05-26,11543.90039
2010-05-27,11749.09961
2010-05-28,11671.40039
2010-05-31,11763
2010-06-01,11572
2010-06-02,11780.7002
2010-06-03,11811.90039
2010-06-04,11569.59961
2010-06-07,11504.7002
2010-06-08,11517.2002
2010-06-09,11450.59961
2010-06-10,11635.90039
2010-06-11,11666.90039
2010-06-14,11667.2998
2010-06-15,11907.5
2010-06-16,11921.09961
2010-06-17,11946
2010-06-18,11927.59961
2010-06-21,11936.09961
2010-06-22,11797.90039
2010-06-23,11807.5
2010-06-24,11670.2002
2010-06-25,11707.90039
2010-06-28,11607
2010-06-29,11263.7998
2010-06-30,11294.40039
2010-07-02,11196.09961
2010-07-05,11092.5
2010-07-06,11200.2002
2010-07-07,11397.2998
2010-07-08,11433.40039
2010-07-09,11570.5
2010-07-12,11565.7998
2010-07-13,11672.7998
2010-07-14,11620.2002
2010-07-15,11741.7998
2010-07-16,11569.7002
2010-07-19,11543.5
2010-07-20,11629.90039
2010-07-21,11513.2998
2010-07-22,11667.7998
2010-07-23,11714.2002
2010-07-26,11746.09961
2010-07-27,11716.7002
2010-07-28,11696.59961
2010-07-29,11728.59961
2010-07-30,11713.40039
2010-08-03,11782.59961
2010-08-04,11845.09961
2010-08-05,11774.7998
2010-08-06,11800
2010-08-09,11863.59961
2010-08-10,11838.2998
2010-08-11,11582.2002
2010-08-12,11523.59961
2010-08-13,11528.2998
2010-08-16,11552.7998
2010-08-17,11728.59961
2010-08-18,11781.09961
2010-08-19,11710.2002
2010-08-20,11722.09961
2010-08-23,11718.59961
2010-08-24,11557.40039
2010-08-25,11648.09961
2010-08-26,11653.2002
2010-08-27,11879.7002
2010-08-30,11895.59961
2010-08-31,11913.90039
2010-09-01,12003.7998
2010-09-02,12111.09961
2010-09-03,12144.90039
2010-09-07,12102
2010-09-08,12042.2998
2010-09-09,12033.5
2010-09-10,12097.09961
2010-09-13,12149.90039
2010-09-14,12193
2010-09-15,12144.7998
2010-09-16,12173.40039
2010-09-17,12164.59961
2010-09-20,12234.5
2010-09-21,12170.59961
2010-09-22,12147.2998
2010-09-23,12101.7998
2010-09-24,12204.90039
2010-09-27,12190.59961
2010-09-28,12278.90039
2010-09-29,12382.7998
2010-09-30,12368.7002
2010-10-01,12363.09961
2010-10-04,12322.90039
2010-10-05,12498
2010-10-06,12501.7002
2010-10-07,12445.90039
2010-10-08,12535.59961
2010-10-12,12575.59961
2010-10-13,12673.2998
2010-10-14,12619.7002
2010-10-15,12609.09961
2010-10-18,12668
2010-10-19,12570.59961
2010-10-20,12649.90039
2010-10-21,12599.2002
2010-10-22,12601.2002
2010-10-25,12663.59961
2010-10-26,12684.7002
2010-10-27,12567.2998
2010-10-28,12564.09961
2010-10-29,12676.2002
2010-11-01,12664.7998
2010-11-02,12681.40039
2010-11-03,12671.09961
2010-11-04,12878.7998
2010-11-05,12925.09961
2010-11-08,13052.5
2010-11-09,12916.59961
2010-11-10,12942.59961
2010-11-11,12934.7002
2010-11-12,12749.2002
2010-11-15,12735.40039
2010-11-16,12602.2002
2010-11-17,12657.7998
2010-11-18,12870
2010-11-19,12956.2998
2010-11-22,12929
2010-11-23,12793.7998
2010-11-24,12902
2010-11-25,12945.7998
2010-11-26,12892.7002
2010-11-29,12895.7002
2010-11-30,12952.90039
2010-12-01,13148.40039
2010-12-02,13163.5
2010-12-03,13179
2010-12-06,13276
2010-12-07,13250.7002
2010-12-08,13152
2010-12-09,13166.90039
2010-12-10,13239.5
2010-12-13,13295.90039
2010-12-14,13280.09961
2010-12-15,13229.09961
2010-12-16,13181.2002
2010-12-17,13201.5
2010-12-20,13193.2998
2010-12-21,13365.2002
2010-12-22,13380.7002
2010-12-23,13371.2002
2010-12-24,13383.2002
2010-12-29,13449.2002
2010-12-30,13434.40039
2010-12-31,13443.2002
2011-01-04,13402.2998
2011-01-05,13396
2011-01-06,13311.7002
2011-01-07,13272.2998
2011-01-10,13245.09961
2011-01-11,13401.09961
2011-01-12,13460.2002
2011-01-13,13401.5
2011-01-14,13464.09961
2011-01-17,13440.09961
2011-01-18,13559.2002
2011-01-19,13439
2011-01-20,13331.2998
2011-01-21,13258.59961
2011-01-24,13347.59961
2011-01-25,13259.59961
2011-01-26,13465.7998
2011-01-27,13410.2002
2011-01-28,13437.59961
2011-01-31,13552
2011-02-01,13712.59961
2011-02-02,13680.2998
2011-02-03,13841.40039
2011-02-04,13791.90039
2011-02-07,13811.90039
2011-02-08,13892.5
2011-02-09,13784.2998
2011-02-10,13840.59961
2011-02-11,13766.7998
2011-02-14,13910.7998
2011-02-15,13929.40039
2011-02-16,14059.2002
2011-02-17,14136.2002
2011-02-18,14123.09961
2011-02-22,13963.7002
2011-02-23,13956.2002
2011-02-24,13867.2998
2011-02-25,14052.09961
2011-02-28,14136.5
2011-03-01,14122.90039
2011-03-02,14144
2011-03-03,14214.7002
2011-03-04,14252.7998
2011-03-07,14092.40039
2011-03-08,14013
2011-03-09,13884.7002
2011-03-10,13638.59961
2011-03-11,13674.2998
2011-03-14,13619.2002
2011-03-15,13547
2011-03-16,13524.7998
2011-03-17,13746.2002
2011-03-18,13789.59961
2011-03-21,14013.7002
2011-03-22,14000
2011-03-23,14087.2002
2011-03-24,14029.40039
2011-03-25,14039.40039
2011-03-28,13892.7002
2011-03-29,13930.40039
2011-03-30,14083.59961
2011-03-31,14116.09961
2011-04-01,14130.2002
2011-04-04,14218.40039
2011-04-05,14270.5
2011-04-06,14202.7002
2011-04-07,14107.7998
2011-04-08,14208.40039
2011-04-11,13996.90039
2011-04-12,13801.40039
2011-04-13,13833.59961
2011-04-14,13821.7998
2011-04-15,13799.09961
2011-04-18,13702.2998
2011-04-19,13736.7998
2011-04-20,13897.5
2011-04-21,13972
2011-04-25,13907.2998
2011-04-26,13909.09961
2011-04-27,13892.59961
2011-04-28,13894.40039
2011-04-29,13944.7998
2011-05-02,13934.5
2011-05-03,13692.40039
2011-05-04,13611.2998
2011-05-05,13455.40039
2011-05-06,13566.59961
2011-05-09,13677.09961
2011-05-10,13642.09961
2011-05-11,13419.7002
2011-05-12,13389.40039
2011-05-13,13377.2002
2011-05-16,13391.40039
2011-05-17,13441.09961
2011-05-18,13607.2998
2011-05-19,13625.09961
2011-05-20,13652.2998
2011-05-24,13595.09961
2011-05-25,13751.5
2011-05-26,13775.90039
2011-05-27,13797.59961
2011-05-30,13829.7002
2011-05-31,13802.90039
2011-06-01,13527.90039
2011-06-02,13519.5
2011-06-03,13517.90039
2011-06-06,13318.7002
2011-06-07,13282.90039
2011-06-08,13183.7998
2011-06-09,13255.7002
2011-06-10,13084
2011-06-13,12939.7002
2011-06-14,13097.7998
2011-06-15,12972
2011-06-16,12853.09961
2011-06-17,12790
2011-06-20,12857.7002
2011-06-21,13063.2998
2011-06-22,13060.59961
2011-06-23,12979.59961
2011-06-24,12908.90039
2011-06-27,12966.5
2011-06-28,13105
2011-06-29,13188.90039
2011-06-30,13300.90039
2011-07-04,13386.5
2011-07-05,13425.2998
2011-07-06,13403.09961
2011-07-07,13406
2011-07-08,13371.7002
2011-07-11,13179.7998
2011-07-12,13234.09961
2011-07-13,13324.90039
2011-07-14,13252.90039
2011-07-15,13299.5
2011-07-18,13254.09961
2011-07-19,13332.90039
2011-07-20,13340.7998
2011-07-21,13434.2998
2011-07-22,13494.59961
2011-07-25,13436
2011-07-26,13300.59961
2011-07-27,13032.7002
2011-07-28,13047.7998
2011-07-29,12945.59961
2011-08-02,12752.2998
2011-08-03,12816
2011-08-04,12380.09961
2011-08-05,12162.2002
2011-08-08,11671
2011-08-09,12109.2998
2011-08-10,12198.90039
2011-08-11,12539.7998
2011-08-12,12542.2002
2011-08-15,12683.59961
2011-08-16,12530.7002
2011-08-17,12579.59961
2011-08-18,12186.7002
2011-08-19,12007.5
2011-08-22,12068.40039
2011-08-23,12338.2998
2011-08-24,12343.7998
2011-08-25,12284.2998
2011-08-26,12327.5
2011-08-29,12504.90039
2011-08-30,12634.7002
2011-08-31,12768.7002
2011-09-01,12700.7002
2011-09-02,12602.40039
2011-09-06,12518.5
2011-09-07,12720.59961
2011-09-08,12684
2011-09-09,12387.5
2011-09-12,12148.7998
2011-09-13,12205.5
2011-09-14,12293.40039
2011-09-15,12424.7998
2011-09-16,12263.7002
2011-09-19,12172
2011-09-20,12209.90039
2011-09-21,11955
2011-09-22,11562.5
2011-09-23,11462.90039
2011-09-26,11707.2002
2011-09-27,11821.09961
2011-09-28,11585.90039
2011-09-29,11686.2998
2011-09-30,11623.7998
2011-10-03,11251.7998
2011-10-04,11177.90039
2011-10-05,11457.2002
2011-10-06,11780.09961
2011-10-07,11588.40039
2011-10-11,11875.59961
2011-10-12,12030
2011-10-13,11911.90039
2011-10-14,12081.7002
2011-10-17,11923
2011-10-18,12053.09961
2011-10-19,11849.5
2011-10-20,11830.2998
2011-10-21,11949.5
2011-10-24,12162.2998
2011-10-25,12109.7998
2011-10-26,12186.09961
2011-10-27,12465.40039
2011-10-28,12519.5
2011-10-31,12252.09961
2011-11-01,12115.09961
2011-11-02,12241.7998
2011-11-03,12468.40039
2011-11-04,12408.2998
2011-11-07,12462
2011-11-08,12488.90039
2011-11-09,12156.2002
2011-11-10,12108.90039
2011-11-11,12276.90039
2011-11-14,12224.2002
2011-11-15,12229.2998
2011-11-16,12174.40039
2011-11-17,11915.40039
2011-11-18,11892.40039
2011-11-21,11784.7002
2011-11-22,11795.2002
2011-11-23,11571.7002
2011-11-24,11485.2998
2011-11-25,11462.09961
2011-11-28,11640.2002
2011-11-29,11732.5
2011-11-30,12204.09961
2011-12-01,12113.2998
2011-12-02,12075.09961
2011-12-05,12119.2998
2011-12-06,12081.2998
2011-12-07,12148.7002
2011-12-08,11951.7998
2011-12-09,12034.7998
2011-12-12,11907.90039
2011-12-13,11759.90039
2011-12-14,11543.09961
2011-12-15,11504.40039
2011-12-16,11635.40039
2011-12-19,11539.7002
2011-12-20,11716.90039
2011-12-21,11753.5
2011-12-22,11876.5
2011-12-23,11926.7002
2011-12-28,11728.40039
2011-12-29,11841.7002
2011-12-30,11955.09961
2012-01-03,12208.40039
2012-01-04,12226.5
2012-01-05,12237.40039
2012-01-06,12188.59961
2012-01-09,12196.7002
2012-01-10,12270.7002
2012-01-11,12260.90039
2012-01-12,12274.2998
2012-01-13,12231.09961
2012-01-16,12258.59961
2012-01-17,12232.7998
2012-01-18,12327.5
2012-01-19,12380.7002
2012-01-20,12397.09961
2012-01-23,12521.7002
2012-01-24,12395.2002
2012-01-25,12539.2002
2012-01-26,12464.2998
2012-01-27,12466.5
2012-01-30,12436.40039
2012-01-31,12452.2002
2012-02-01,12517.7002
2012-02-02,12553.5
2012-02-03,12577.2998
2012-02-06,12559.90039
2012-02-07,12512.40039
2012-02-08,12521
2012-02-09,12497.90039
2012-02-10,12389.40039
2012-02-13,12398.7002
2012-02-14,12354.5
2012-02-15,12362
2012-02-16,12485.59961
2012-02-17,12458.2998
2012-02-21,12623.40039
2012-02-22,12701.2998
2012-02-23,12731.2998
2012-02-24,12725.7998
2012-02-27,12700.40039
2012-02-28,12740.5
2012-02-29,12644
2012-03-01,12723.5
2012-03-02,12643.7998
2012-03-05,12524
2012-03-06,12298.59961
2012-03-07,12350.2002
2012-03-08,12461.90039
2012-03-09,12503.59961
2012-03-12,12428
2012-03-13,12537.7002
2012-03-14,12377.90039
2012-03-15,12455.7998
2012-03-16,12497
2012-03-19,12479.7002
2012-03-20,12430.7002
2012-03-21,12436.5
2012-03-22,12361.7998
2012-03-23,12465.7002
2012-03-26,12574.7998
2012-03-27,12512
2012-03-28,12413.90039
2012-03-29,12339.40039
2012-03-30,12392.2002
2012-04-02,12507.09961
2012-04-03,12323.59961
2012-04-04,12178.7002
2012-04-05,12103.09961
2012-04-09,12018.5
2012-04-10,11935.2998
2012-04-11,12026.7998
2012-04-12,12214.7002
2012-04-13,12040.40039
2012-04-16,12037.59961
2012-04-17,12136.90039
2012-04-18,12128.90039
2012-04-19,12153.7002
2012-04-20,12147.2998
2012-04-23,11989
2012-04-24,11980.09961
2012-04-25,12111.09961
2012-04-26,12145.90039
2012-04-27,12237.7998
2012-04-30,12292.7002
2012-05-01,12332.7998
2012-05-02,12230.09961
2012-05-03,12014.90039
2012-05-04,11871.2002
2012-05-07,11860.7002
2012-05-08,11704.7002
2012-05-09,11675
2012-05-10,11736.2002
2012-05-11,11694.7002
2012-05-14,11488.5
2012-05-15,11343.09961
2012-05-16,11326.09961
2012-05-17,11330.7002
2012-05-18,11280.59961
2012-05-22,11451.7998
2012-05-23,11564.7998
2012-05-24,11566.09961
2012-05-25,11576.5
2012-05-28,11566.2002
2012-05-29,11609.2998
2012-05-30,11433.2002
2012-05-31,11513.2002
2012-06-01,11361.2002
2012-06-04,11335.7998
2012-06-05,11507.7002
2012-06-06,11633.40039
2012-06-07,11592.09961
2012-06-08,11500.59961
2012-06-11,11401.7998
2012-06-12,11497.2998
2012-06-13,11497.90039
2012-06-14,11466.40039
2012-06-15,11524.90039
2012-06-18,11601.09961
2012-06-19,11788.40039
2012-06-20,11759.2998
2012-06-21,11408.2998
2012-06-22,11435.5
2012-06-25,11330.40039
2012-06-26,11334.40039
2012-06-27,11410.90039
2012-06-28,11424.7002
2012-06-29,11596.59961
2012-07-03,11848.7998
2012-07-04,11913.90039
2012-07-05,11817
2012-07-06,11660
2012-07-09,11634.7002
2012-07-10,11512.2002
2012-07-11,11544.59961
2012-07-12,11425.5
2012-07-13,11514.5
2012-07-16,11521.2002
2012-07-17,11571.2002
2012-07-18,11579.2002
2012-07-19,11665.7002
2012-07-20,11622.90039
2012-07-23,11545.5
2012-07-24,11467
2012-07-25,11492.5
2012-07-26,11639.7998
2012-07-27,11766.40039
2012-07-30,11757.90039
2012-07-31,11664.7002
2012-08-01,11618.5
2012-08-02,11506.5
2012-08-03,11662.59961
2012-08-07,11863.5
2012-08-08,11781
2012-08-09,11858.09961
2012-08-10,11890.90039
2012-08-13,11838.2998
2012-08-14,11853.59961
2012-08-15,11905.40039
2012-08-16,12032.59961
2012-08-17,12089.90039
2012-08-20,12076
2012-08-21,12116.90039
2012-08-22,12119
2012-08-23,12062.5
2012-08-24,12082.2002
2012-08-27,12048.7998
2012-08-28,12009.90039
2012-08-29,12009.7998
2012-08-30,11886.7002
2012-08-31,11949.2998
2012-09-04,11941.7002
2012-09-05,11990.09961
2012-09-06,12139.7002
2012-09-07,12268
2012-09-10,12215.40039
2012-09-11,12220.5
2012-09-12,12232.59961
2012-09-13,12360.2002
2012-09-14,12499.5
2012-09-17,12446.90039
2012-09-18,12422.7002
2012-09-19,12436.2002
2012-09-20,12409.2998
2012-09-21,12383.59961
2012-09-24,12313.5
2012-09-25,12257.2002
2012-09-26,12232.90039
2012-09-27,12338.90039
2012-09-28,12317.5
2012-10-01,12370.2002
2012-10-02,12391.2002
2012-10-03,12359.5
2012-10-04,12447.7002
2012-10-05,12419
2012-10-09,12273.59961
2012-10-10,12212.40039
2012-10-11,12234
2012-10-12,12202
2012-10-15,12230
2012-10-16,12407.7002
2012-10-17,12461.2998
2012-10-18,12466.09961
2012-10-19,12416
2012-10-22,12403.5
2012-10-23,12225.7998
2012-10-24,12195
2012-10-25,12300.2002
2012-10-26,12300.2998
2012-10-29,12312.7998
2012-10-30,12377
2012-10-31,12422.90039
2012-11-01,12499.7998
2012-11-02,12380.40039
2012-11-05,12352.7998
2012-11-06,12361.2002
2012-11-07,12230.59961
2012-11-08,12191.09961
2012-11-09,12196.7998
2012-11-12,12191.5
2012-11-13,12134.7002
2012-11-14,11929.7998
2012-11-15,11811.40039
2012-11-16,11877.7002
2012-11-19,12040.40039
2012-11-20,12046.2998
2012-11-21,12100.09961
2012-11-22,12153.09961
2012-11-23,12213.2002
2012-11-26,12185.09961
2012-11-27,12111.59961
2012-11-28,12140.2998
2012-11-29,12202.90039
2012-11-30,12239.40039
2012-12-03,12169.7002
2012-12-04,12137.2002
2012-12-05,12157.2998
2012-12-06,12151.09961
2012-12-07,12159.59961
2012-12-10,12230.5
2012-12-11,12282.40039
2012-12-12,12353.09961
2012-12-13,12289.2002
2012-12-14,12296.7002
2012-12-17,12281.40039
2012-12-18,12334.2998
2012-12-19,12403.59961
2012-12-20,12388.7002
2012-12-21,12385.7002
2012-12-24,12370.7998
2012-12-27,12373.7998
2012-12-28,12316.09961
2012-12-31,12433.5
2013-01-02,12540.7998
2013-01-03,12470.40039
2013-01-04,12540.7998
2013-01-07,12499.59961
2013-01-08,12504.7998
2013-01-09,12522.2002
2013-01-10,12599.7002
2013-01-11,12602.2002
2013-01-14,12603.09961
2013-01-15,12642
2013-01-16,12608.7998
2013-01-17,12674.7002
2013-01-18,12725.7002
2013-01-21,12794.2998
2013-01-22,12824.59961
2013-01-23,12794.09961
2013-01-24,12823.59961
2013-01-25,12816.59961
2013-01-28,12815.90039
2013-01-29,12830.59961
2013-01-30,12794.40039
2013-01-31,12685.2002
2013-02-01,12768.7998
2013-02-04,12717.59961
2013-02-05,12745.7002
2013-02-06,12761.59961
2013-02-07,12755.90039
2013-02-08,12801.2002
2013-02-11,12748.2002
2013-02-12,12789
2013-02-13,12775.2998
2013-02-14,12721.7998
2013-02-15,12686.59961
2013-02-19,12810.2002
2013-02-20,12714.09961
2013-02-21,12640
2013-02-22,12701.59961
2013-02-25,12650.90039
2013-02-26,12660.40039
2013-02-27,12732.40039
2013-02-28,12821.7998
2013-03-01,12773.09961
2013-03-04,12707.40039
2013-03-05,12736
2013-03-06,12832
2013-03-07,12826.5
2013-03-08,12835.59961
2013-03-11,12858.5
2013-03-12,12878.59961
2013-03-13,12744.09961
2013-03-14,12799.90039
2013-03-15,12830
2013-03-18,12781.7998
2013-03-19,12773.90039
2013-03-20,12826.59961
2013-03-21,12747.90039
2013-03-22,12757.40039
2013-03-25,12680.7002
2013-03-26,12706.40039
2013-03-27,12699.7002
2013-03-28,12749.90039
2013-04-01,12695.09961
2013-04-02,12682.09961
2013-04-03,12422.09961
2013-04-04,12363.09961
2013-04-05,12331.90039
2013-04-08,12344.59961
2013-04-09,12484.09961
2013-04-10,12534.90039
2013-04-11,12481.40039
2013-04-12,12337.59961
2013-04-15,12004.90039
2013-04-16,12119.90039
2013-04-17,11947.2998
2013-04-18,11996.2998
2013-04-19,12065.59961
2013-04-22,12090.7002
2013-04-23,12090.90039
2013-04-24,12270.40039
2013-04-25,12329.5
2013-04-26,12220.2002
2013-04-29,12312.7002
2013-04-30,12456.5
2013-05-01,12321.2998
2013-05-02,12379.59961
2013-05-03,12438
2013-05-06,12453.90039
2013-05-07,12464.09961
2013-05-08,12585
2013-05-09,12543.90039
2013-05-10,12589.09961
2013-05-13,12529.5
2013-05-14,12577
2013-05-15,12473.7002
2013-05-16,12507.59961
2013-05-17,12613
2013-05-21,12742.40039
2013-05-22,12752.5
2013-05-23,12658.09961
2013-05-24,12667.2002
2013-05-27,12696.40039
2013-05-28,12750.5
2013-05-29,12732.59961
2013-05-30,12746.5
2013-05-31,12650.40039
2013-06-03,12609.7998
2013-06-04,12594
2013-06-05,12443.7002
2013-06-06,12409.2998
2013-06-07,12373.2998
2013-06-10,12382.7002
2013-06-11,12223.59961
2013-06-12,12109.90039
2013-06-13,12277.09961
2013-06-14,12187.40039
2013-06-17,12288.90039
2013-06-18,12367.5
2013-06-19,12268.2998
2013-06-20,11968.59961
2013-06-21,11995.7002
2013-06-24,11836.90039
2013-06-25,12005.40039
2013-06-26,11951.90039
2013-06-27,12005.7998
2013-06-28,12129.09961
2013-07-02,12178.40039
2013-07-03,12145.7002
2013-07-04,12166.7002
2013-07-05,12134.90039
2013-07-08,12208.90039
2013-07-09,12297.09961
2013-07-10,12306.90039
2013-07-11,12493.2998
2013-07-12,12462.2002
2013-07-15,12528.2998
2013-07-16,12516.90039
2013-07-17,12568.7998
2013-07-18,12628.7998
2013-07-19,12685.09961
2013-07-22,12758.40039
2013-07-23,12745.40039
2013-07-24,12672.2998
2013-07-25,12669.09961
2013-07-26,12647.90039
2013-07-29,12669
2013-07-30,12581.7998
2013-07-31,12486.59961
2013-08-01,12594
2013-08-02,12603.2998
2013-08-06,12469.2998
2013-08-07,12412.7002
2013-08-08,12552.90039
2013-08-09,12542.09961
2013-08-12,12594.2998
2013-08-13,12642.2002
2013-08-14,12639.2998
2013-08-15,12704.5
2013-08-16,12736.90039
2013-08-19,12588
2013-08-20,12670.09961
2013-08-21,12573.09961
2013-08-22,12674.40039
2013-08-23,12762.2998
2013-08-26,12760.2998
2013-08-27,12591.2002
2013-08-28,12607.2002
2013-08-29,12704.7002
2013-08-30,12653.90039
2013-09-03,12740.5
2013-09-04,12757.7998
2013-09-05,12845.09961
2013-09-06,12820.90039
2013-09-09,12854.59961
2013-09-10,12824.5
2013-09-11,12825.40039
2013-09-12,12701
2013-09-13,12723.40039
2013-09-16,12816.90039
2013-09-17,12834.09961
2013-09-18,12931.40039
2013-09-19,12926.7998
2013-09-20,12806.5
2013-09-23,12811.2002
2013-09-24,12848.90039
2013-09-25,12836.7002
2013-09-26,12841.59961
2013-09-27,12844.09961
2013-09-30,12787.2002
2013-10-01,12847.40039
2013-10-02,12839
2013-10-03,12735.09961
2013-10-04,12758.7002
2013-10-07,12788.2998
2013-10-08,12692.40039
2013-10-09,12730.2998
2013-10-10,12894.40039
2013-10-11,12892.09961
2013-10-15,12931.5
2013-10-16,12957.2002
2013-10-17,13036.40039
2013-10-18,13136.09961
2013-10-21,13186.5
2013-10-22,13248.09961
2013-10-23,13243.2998
2013-10-24,13324.7998
2013-10-25,13399.40039
2013-10-28,13371.7998
2013-10-29,13440.59961
2013-10-30,13455.2998
2013-10-31,13361.2998
2013-11-01,13337.5
2013-11-04,13361.7998
2013-11-05,13361.7002
2013-11-06,13380.40039
2013-11-07,13294.2002
2013-11-08,13378.2998
2013-11-11,13358.40039
2013-11-12,13326
2013-11-13,13370.7002
2013-11-14,13431.40039
2013-11-15,13482.59961
2013-11-18,13458.09961
2013-11-19,13442.7998
2013-11-20,13430
2013-11-21,13475.2998
2013-11-22,13478.2998
2013-11-25,13472.2002
2013-11-26,13349.7998
2013-11-27,13362.09961
2013-11-28,13370.7998
2013-11-29,13395.40039
2013-12-02,13419.59961
2013-12-03,13319.90039
2013-12-04,13304.90039
2013-12-05,13200.40039
2013-12-06,13280.7002
2013-12-09,13312.7998
2013-12-10,13324
2013-12-11,13133.40039
2013-12-12,13114.40039
2013-12-13,13125.7002
2013-12-16,13184.40039
2013-12-17,13180.2002
2013-12-18,13334.7002
2013-12-19,13392.2002
2013-12-20,13399.59961
2013-12-23,13447.7002
2013-12-24,13518
2013-12-27,13588
2013-12-30,13581.40039
2013-12-31,13621.59961
2014-01-02,13594.2002
2014-01-03,13548.90039
2014-01-06,13495.5
2014-01-07,13596.90039
2014-01-08,13614.59961
2014-01-09,13629.40039
2014-01-10,13747.5
2014-01-13,13681.5
2014-01-14,13692.40039
2014-01-15,13772.59961
2014-01-16,13831.59961
2014-01-17,13888.2002
2014-01-20,13990.2998
2014-01-21,13951.7998
2014-01-22,13988.2002
2014-01-23,13933
2014-01-24,13717.7998
2014-01-27,13582.2998
2014-01-28,13687.7002
2014-01-29,13643.2002
2014-01-30,13735.2998
2014-01-31,13694.90039
2014-02-03,13486.2002
2014-02-04,13504.5
2014-02-05,13559.7002
2014-02-06,13713.40039
2014-02-07,13786.5
2014-02-10,13794.2002
2014-02-11,13881
2014-02-12,13900.5
2014-02-13,14001.7002
2014-02-14,14054.7998
2014-02-18,14077.5
2014-02-19,14119.7002
2014-02-20,14210.40039
2014-02-21,14205.7002
2014-02-24,14227.09961
2014-02-25,14189
2014-02-26,14188.59961
2014-02-27,14214.7002
2014-02-28,14209.59961
2014-03-03,14212.7002
2014-03-04,14289.90039
2014-03-05,14304.2002
2014-03-06,14271.90039
2014-03-07,14299.09961
2014-03-10,14302.09961
2014-03-11,14267.2002
2014-03-12,14319
2014-03-13,14245.09961
2014-03-14,14227.7002
2014-03-17,14231.90039
2014-03-18,14369
2014-03-19,14334
2014-03-20,14361.7998
2014-03-21,14335.7998
2014-03-24,14278.59961
2014-03-25,14299.5
2014-03-26,14184.09961
2014-03-27,14178.7998
2014-03-28,14260.7002
2014-03-31,14335.2998
2014-04-01,14380.59961
2014-04-02,14459.09961
2014-04-03,14402.2002
2014-04-04,14393.09961
2014-04-07,14270.2998
2014-04-08,14372.5
2014-04-09,14435.59961
2014-04-10,14308
2014-04-11,14257.7002
2014-04-14,14284.40039
2014-04-15,14303.90039
2014-04-16,14446.5
2014-04-17,14500.40039
2014-04-21,14493.7002
2014-04-22,14556
2014-04-23,14533.40039
2014-04-24,14554.2998
2014-04-25,14533.59961
2014-04-28,14530.90039
2014-04-29,14583.09961
2014-04-30,14651.90039
2014-05-01,14664.09961
2014-05-02,14765.2002
2014-05-05,14697
2014-05-06,14612.2998
2014-05-07,14656.40039
2014-05-08,14546
2014-05-09,14534.09961
2014-05-12,14654.90039
2014-05-13,14679.7998
2014-05-14,14673.7002
2014-05-15,14588.90039
2014-05-16,14514.7002
2014-05-20,14525.2002
2014-05-21,14649.90039
2014-05-22,14702.2998
2014-05-23,14708.09961
2014-05-26,14715.7002
2014-05-27,14658
2014-05-28,14611
2014-05-29,14589
2014-05-30,14604.2002
2014-06-02,14680.7998
2014-06-03,14734.7002
2014-06-04,14796.7998
2014-06-05,14800.2002
2014-06-06,14838.90039
2014-06-09,14871.2002
2014-06-10,14904.40039
2014-06-11,14892.09961
2014-06-12,14909.59961
2014-06-13,15001.59961
2014-06-16,15040.40039
2014-06-17,15055.90039
2014-06-18,15109.2998
2014-06-19,15112.2002
2014-06-20,15109
2014-06-23,15105.59961
2014-06-24,14962.40039
2014-06-25,14974.7002
2014-06-26,15030.7002
2014-06-27,15094.2998
2014-06-30,15146
2014-07-02,15209.7998
2014-07-03,15207.09961
2014-07-04,15215
2014-07-07,15172.90039
2014-07-08,15137.2002
2014-07-09,15215.2002
2014-07-10,15114.5
2014-07-11,15125.5
2014-07-14,15171.2002
2014-07-15,15081.2998
2014-07-16,15226.2998
2014-07-17,15204.5
2014-07-18,15266.59961
2014-07-21,15250
2014-07-22,15315.09961
2014-07-23,15394.40039
2014-07-24,15394.5
2014-07-25,15455
2014-07-28,15445.2002
2014-07-29,15446.59961
2014-07-30,15524.7998
2014-07-31,15330.7002
2014-08-01,15215.2998
2014-08-05,15187.7002
2014-08-06,15202.09961
2014-08-07,15118.40039
2014-08-08,15196.2998
2014-08-11,15261.59961
2014-08-12,15274.2002
2014-08-13,15262.7002
2014-08-14,15291.2002
2014-08-15,15304.2002
2014-08-18,15338.5
2014-08-19,15477.2002
2014-08-20,15562
2014-08-21,15556.09961
2014-08-22,15535.59961
2014-08-25,15598.7002
2014-08-26,15619.2002
2014-08-27,15602.7002
2014-08-28,15558.2002
2014-08-29,15625.7002
2014-09-02,15619.09961
2014-09-03,15657.59961
2014-09-04,15576.7998
2014-09-05,15569.90039
2014-09-08,15509.40039
2014-09-09,15536.7998
2014-09-10,15471.90039
2014-09-11,15534.2998
2014-09-12,15531.59961
2014-09-15,15482.59961
2014-09-16,15510.5
2014-09-17,15458.90039
2014-09-18,15465.5
2014-09-19,15265.40039
2014-09-22,15129
2014-09-23,15125.7002
2014-09-24,15120.5
2014-09-25,14893.59961
2014-09-26,15026.7998
2014-09-29,14976.90039
2014-09-30,14960.5
2014-10-01,14805.40039
2014-10-02,14760.59961
2014-10-03,14789.7998
2014-10-06,14743.09961
2014-10-07,14576.5
2014-10-08,14666.5
2014-10-09,14460.59961
2014-10-10,14227.40039
2014-10-14,14036.7002
2014-10-15,13869.90039
2014-10-16,14053
2014-10-17,14227.7002
2014-10-20,14337.7998
2014-10-21,14547.7002
2014-10-22,14312.09961
2014-10-23,14486.7998
2014-10-24,14543.7998
2014-10-27,14469
2014-10-28,14624.2998
2014-10-29,14527.59961
2014-10-30,14458.7002
2014-10-31,14613.2998
2014-11-03,14537.59961
2014-11-04,14390.40039
2014-11-05,14548.2998
2014-11-06,14563.40039
2014-11-07,14690.7998
2014-11-10,14709.7998
2014-11-11,14760.2998
2014-11-12,14856.2002
2014-11-13,14778.7998
2014-11-14,14843.09961
2014-11-17,14882.5
2014-11-18,14973
2014-11-19,14980.2002
2014-11-20,15075.2002
2014-11-21,15111.09961
2014-11-24,15015.40039
2014-11-25,15073.7002
2014-11-26,15038.40039
2014-11-27,14922.40039
2014-11-28,14744.7002
2014-12-01,14625.2998
2014-12-02,14620.09961
2014-12-03,14754.09961
2014-12-04,14583.40039
2014-12-05,14473.7002
2014-12-08,14144.2002
2014-12-09,14195.7002
2014-12-10,13853
2014-12-11,13905.09961
2014-12-12,13731.09961
2014-12-15,13705.09961
2014-12-16,13861.5
2014-12-17,14213.90039
2014-12-18,14346.7998
2014-12-19,14468.2998
2014-12-22,14432.40039
2014-12-23,14594
2014-12-24,14609.2998
2014-12-29,14663.90039
2014-12-30,14640
2014-12-31,14632.40039
2015-01-02,14753.7002
2015-01-05,14392.7002
2015-01-06,14246.7998
2015-01-07,14285
2015-01-08,14457.7002
2015-01-09,14384.90039
2015-01-12,14265
2015-01-13,14187.2002
2015-01-14,14084.40039
2015-01-15,14041.7998
2015-01-16,14309.40039
2015-01-19,14312.5
2015-01-20,14308.40039
2015-01-21,14560.40039
2015-01-22,14764
2015-01-23,14779.40039
2015-01-26,14797.7998
2015-01-27,14833.90039
2015-01-28,14602.90039
2015-01-29,14637.2998
2015-01-30,14673.5
2015-02-02,14900.5
2015-02-03,15062.90039
2015-02-04,14995.7002
2015-02-05,15124.90039
2015-02-06,15083.90039
2015-02-09,15100.7002
2015-02-10,15112.5
2015-02-11,15151.5
2015-02-12,15228.5
2015-02-13,15264.7998
2015-02-17,15284.59961
2015-02-18,15212.7998
2015-02-19,15180.2998
2015-02-20,15172.2002
2015-02-23,15200.2998
2015-02-24,15165
2015-02-25,15228.59961
2015-02-26,15241.2002
2015-02-27,15234.2998
2015-03-02,15264.09961
2015-03-03,15133.90039
2015-03-04,15082.7998
2015-03-05,15103.09961
2015-03-06,14952.5
2015-03-09,14854.5
2015-03-10,14641.7998
2015-03-11,14739.2002
2015-03-12,14770.7002
2015-03-13,14731.5
2015-03-16,14862.7998
2015-03-17,14898.5
2015-03-18,14962.2002
2015-03-19,14873.90039
2015-03-20,14942.40039
2015-03-23,14957.2002
2015-03-24,15081.2998
2015-03-25,14929.40039
2015-03-26,14869.7998
2015-03-27,14812.40039
2015-03-30,14908.40039
2015-03-31,14902.40039
2015-04-01,14942.59961
2015-04-02,15026.59961
2015-04-06,15100.7002
2015-04-07,15188.7998
2015-04-08,15213.59961
2015-04-09,15326.2998
2015-04-10,15388.40039
2015-04-13,15383.59961
2015-04-14,15389.2998
2015-04-15,15450.90039
2015-04-16,15386.7998
2015-04-17,15360.59961
2015-04-20,15412.59961
2015-04-21,15346.40039
2015-04-22,15304.7998
2015-04-23,15392.40039
2015-04-24,15408.2998
2015-04-27,15344.09961
2015-04-28,15346.09961
2015-04-29,15347.2998
2015-04-30,15224.5
2015-05-01,15339.7998
2015-05-04,15367.5
2015-05-05,15173.90039
2015-05-06,15023.90039
2015-05-07,15088.7998
2015-05-08,15170
2015-05-11,15152.59961
2015-05-12,15043.2002
2015-05-13,14980.7002
2015-05-14,15028.09961
2015-05-15,15108.09961
2015-05-19,15121
2015-05-20,15072.7998
2015-05-21,15203.59961
2015-05-22,15200.7998
2015-05-25,15187.40039
2015-05-26,15050.7998
2015-05-27,15110.5
2015-05-28,15107
2015-05-29,15014.09961
2015-06-01,15074.09961
2015-06-02,15104.7002
2015-06-03,15154.7002
2015-06-04,15019.40039
2015-06-05,14957.2002
2015-06-08,14743.2998
2015-06-09,14817.7002
2015-06-10,14889
2015-06-11,14830.90039
2015-06-12,14741.2002
2015-06-15,14756.09961
2015-06-16,14753.09961
2015-06-17,14733
2015-06-18,14770.59961
2015-06-19,14653.09961
2015-06-22,14790.5
2015-06-23,14904.90039
2015-06-24,14947.5
2015-06-25,14897.5
2015-06-26,14808.09961
2015-06-29,14490.2002
2015-06-30,14553.2998
2015-07-02,14638
2015-07-03,14682.40039
2015-07-06,14593.59961
2015-07-07,14624.5
2015-07-08,14412.09961
2015-07-09,14278.5
2015-07-10,14411.09961
2015-07-13,14533.2002
2015-07-14,14599.40039
2015-07-15,14662.2998
2015-07-16,14731.09961
2015-07-17,14642.7998
2015-07-20,14425.59961
2015-07-21,14376.2002
2015-07-22,14307.09961
2015-07-23,14265.40039
2015-07-24,14186.2002
2015-07-27,14001.40039
2015-07-28,14077.40039
2015-07-29,14301.7998
2015-07-30,14382.7998
2015-07-31,14468.7002
2015-08-04,14491.09961
2015-08-05,14503
2015-08-06,14405.90039
2015-08-07,14302.7002
2015-08-10,14466.40039
2015-08-11,14414.7002
2015-08-12,14339.5
2015-08-13,14238.40039
2015-08-14,14277.90039
2015-08-17,14251.5
2015-08-18,14193.90039
2015-08-19,14036.59961
2015-08-20,13737
2015-08-21,13473.7002
2015-08-24,13052.7002
2015-08-25,13150.90039
2015-08-26,13381.59961
2015-08-27,13766.7002
2015-08-28,13865.09961
2015-08-31,13859.09961
2015-09-01,13481.90039
2015-09-02,13545.2998
2015-09-03,13596.40039
2015-09-04,13478.2998
2015-09-08,13630.7002
2015-09-09,13531.90039
2015-09-10,13569.90039
2015-09-11,13461.5
2015-09-14,13353.2998
2015-09-15,13462.7002
2015-09-16,13763.7998
2015-09-17,13787.2002
2015-09-18,13646.90039
2015-09-21,13779.40039
2015-09-22,13491.09961
2015-09-23,13383.7002
2015-09-24,13338.7002
2015-09-25,13378.59961
2015-09-28,13004.59961
2015-09-29,13037
2015-09-30,13307
2015-10-01,13241.90039
2015-10-02,13339.7002
2015-10-05,13552.2002
2015-10-06,13647.2998
2015-10-07,13868.40039
2015-10-08,13978.7002
2015-10-09,13964.40039
2015-10-13,13844.7002
2015-10-14,13875.2998
2015-10-15,13829
2015-10-16,13838.09961
2015-10-19,13758.40039
2015-10-20,13841.90039
2015-10-21,13704.2002
2015-10-22,13878.09961
2015-10-23,13953.7002
2015-10-26,13790.90039
2015-10-27,13699.59961
2015-10-28,13863.2002
2015-10-29,13791.90039
2015-10-30,13529.2002
2015-11-02,13623
2015-11-03,13710.2998
2015-11-04,13661.7998
2015-11-05,13558.7998
2015-11-06,13553.2998
2015-11-09,13482.59961
2015-11-10,13411.59961
2015-11-11,13341.90039
2015-11-12,13127.2002
2015-11-13,13075.40039
2015-11-16,13317.5
2015-11-17,13280.40039
2015-11-18,13400
2015-11-19,13473.7998
2015-11-20,13433.5
2015-11-23,13382.40039
2015-11-24,13407.7998
2015-11-25,13403.40039
2015-11-26,13425.2002
2015-11-27,13368.2002
2015-11-30,13469.7998
2015-12-01,13636.09961
2015-12-02,13463.7998
2015-12-03,13324.7002
2015-12-04,13358.7998
2015-12-07,13042.7998
2015-12-08,12922.5
2015-12-09,12937.59961
2015-12-10,13016.59961
2015-12-11,12790
2015-12-14,12695.5
2015-12-15,12919.59961
2015-12-16,13166.09961
2015-12-17,13009.90039
2015-12-18,13024.2998
2015-12-21,13034.40039
2015-12-22,13082.90039
2015-12-23,13284.90039
2015-12-24,13309.7998
2015-12-29,13245.7998
2015-12-30,13142.2998
2015-12-31,13010
2016-01-04,12927.2002
2016-01-05,12920.09961
2016-01-06,12726.7998
2016-01-07,12448.2002
2016-01-08,12445.5
2016-01-11,12319.2998
2016-01-12,12373.90039
2016-01-13,12170.40039
2016-01-14,12336
2016-01-15,12073.5
2016-01-18,11942.2002
2016-01-19,12002.2002
2016-01-20,11843.09961
2016-01-21,12035.90039
2016-01-22,12389.59961
2016-01-25,12143.2002
2016-01-26,12331.2998
2016-01-27,12377.7998
2016-01-28,12591.90039
2016-01-29,12822.09961
2016-02-01,12674.40039
2016-02-02,12442.2998
2016-02-03,12593
2016-02-04,12774.5
2016-02-05,12764
2016-02-08,12535.40039
2016-02-09,12282.7002
2016-02-10,12185.7002
2016-02-11,12087.40039
2016-02-12,12381.2002
2016-02-16,12555
2016-02-17,12867.2002
2016-02-18,12931.40039
2016-02-19,12813.40039
2016-02-22,12845.59961
2016-02-23,12763.40039
2016-02-24,12740.2998
2016-02-25,12753.59961
2016-02-26,12797.7998
2016-02-29,12860.40039
2016-03-01,12982.09961
2016-03-02,13017.90039
2016-03-03,13123.7002
2016-03-04,13212.5
2016-03-07,13383.59961
2016-03-08,13311.09961
2016-03-09,13392.90039
2016-03-10,13379.09961
2016-03-11,13522
2016-03-14,13477.5
2016-03-15,13400.2998
2016-03-16,13478.09961
2016-03-17,13621.2998
2016-03-18,13497.09961
2016-03-21,13561.09961
2016-03-22,13493.5
2016-03-23,13379.5
2016-03-24,13358.09961
2016-03-28,13390.2002
2016-03-29,13426.2002
2016-03-30,13504
2016-03-31,13494.40039
2016-04-01,13440.40039
2016-04-04,13336.2002
2016-04-05,13304.7002
2016-04-06,13347.5
2016-04-07,13266.40039
2016-04-08,13396.7002
2016-04-11,13422.7998
2016-04-12,13581.40039
2016-04-13,13671.40039
2016-04-14,13668.2998
2016-04-15,13637.2002
2016-04-18,13719.7998
2016-04-19,13867.2998
2016-04-20,13911.2998
2016-04-21,13881.2002
2016-04-22,13874
2016-04-25,13796
2016-04-26,13809.40039
2016-04-27,13887.7002
2016-04-28,13886.40039
2016-04-29,13951.5
2016-05-02,13865.59961
2016-05-03,13707.7002
2016-05-04,13632
2016-05-05,13632
2016-05-06,13701.5
2016-05-09,13563.7998
2016-05-10,13775.2002
2016-05-11,13788.2002
2016-05-12,13787.7998
2016-05-13,13748.59961
2016-05-16,13893.5
2016-05-17,13917.09961
2016-05-18,13826
2016-05-19,13817.2998
2016-05-20,13919.59961
2016-05-24,13952.90039
2016-05-25,14053.7002
2016-05-26,14049.2002
2016-05-27,14105.2002
2016-05-30,14086.7002
2016-05-31,14065.7998
2016-06-01,14063.5
2016-06-02,14137
2016-06-03,14226.7998
2016-06-06,14276.2002
2016-06-07,14365.59961
2016-06-08,14313.09961
2016-06-09,14240
2016-06-10,14037.5
2016-06-13,13993.90039
2016-06-14,13884.2002
2016-06-15,13923.5
2016-06-16,13882.40039
2016-06-17,13901.7998
2016-06-20,14015.09961
2016-06-21,14012.2998
2016-06-22,14003.7998
2016-06-23,14131.40039
2016-06-24,13891.90039
2016-06-27,13689.7998
2016-06-28,13842.7002
2016-06-29,14036.7002
2016-06-30,14064.5
2016-07-04,14258.90039
2016-07-05,14219.59961
2016-07-06,14231.09961
2016-07-07,14134.5
2016-07-08,14259.7998
2016-07-11,14361.90039
2016-07-12,14477.7002
2016-07-13,14493.7998
2016-07-14,14514.5
2016-07-15,14482.40039
2016-07-18,14532.40039
2016-07-19,14524.59961
2016-07-20,14533.59961
2016-07-21,14565.7998
2016-07-22,14600.7002
2016-07-25,14498.09961
2016-07-26,14550
2016-07-27,14546.5
2016-07-28,14552.7002
2016-07-29,14582.7002
2016-08-02,14477
2016-08-03,14512.09961
2016-08-04,14528.7998
2016-08-05,14648.7998
2016-08-08,14755.59961
2016-08-09,14801.2002
2016-08-10,14775
2016-08-11,14796.09961
2016-08-12,14747.5
2016-08-15,14777
2016-08-16,14703.40039
2016-08-17,14697.59961
2016-08-18,14695.7002
2016-08-19,14687.5
2016-08-22,14748.2002
2016-08-23,14764.7998
2016-08-24,14626.2002
2016-08-25,14630.7002
2016-08-26,14639.90039
2016-08-29,14682
2016-08-30,14684.90039
2016-08-31,14598
2016-09-01,14683.90039
2016-09-02,14795.7002
2016-09-06,14813
2016-09-07,14796.7998
2016-09-08,14803.2998
2016-09-09,14540
2016-09-12,14597.09961
2016-09-13,14349.09961
2016-09-14,14366.5
2016-09-15,14503.7002
2016-09-16,14450.7002
2016-09-19,14496.2002
2016-09-20,14522
2016-09-21,14710.7998
2016-09-22,14797.2002
2016-09-23,14697.90039
2016-09-26,14619.5
2016-09-27,14558
2016-09-28,14731.40039
2016-09-29,14754.59961
2016-09-30,14725.90039
2016-10-03,14689
2016-10-04,14521
2016-10-05,14610.59961
2016-10-06,14595.5
2016-10-07,14566.2998
2016-10-11,14549.59961
2016-10-12,14619
2016-10-13,14643.7002
2016-10-14,14585
2016-10-17,14596.5
2016-10-18,14752.2998
2016-10-19,14840.5
2016-10-20,14847.90039
2016-10-21,14939
2016-10-24,14923
2016-10-25,14870.59961
2016-10-26,14807.59961
2016-10-27,14833.7998
2016-10-28,14785.2998
2016-10-31,14787.2998
2016-11-01,14778.2998
2016-11-02,14594.7002
2016-11-03,14583.40039
2016-11-04,14509.2998
2016-11-07,14652.5
2016-11-08,14656.7998
2016-11-09,14759.90039
2016-11-10,14744.2998
2016-11-11,14555.40039
2016-11-14,14598.5
2016-11-15,14756.09961
2016-11-16,14733.2002
2016-11-17,14826.09961
2016-11-18,14864
2016-11-21,15039.90039
2016-11-22,15100.40039
2016-11-23,15080.90039
2016-11-24,15075.2002
2016-11-25,15075.40039
2016-11-28,15015.40039
2016-11-29,14999.7998
2016-11-30,15082.90039
2016-12-01,15027.5
2016-12-02,15052.5
2016-12-05,15095.2002
2016-12-06,15125.7998
2016-12-07,15237.7998
2016-12-08,15295.2002
2016-12-09,15312.2002
2016-12-12,15287.7002
2016-12-13,15385.2998
2016-12-14,15197.2002
2016-12-15,15218.2998
2016-12-16,15252.2002
2016-12-19,15269.90039
2016-12-20,15293
2016-12-21,15305.90039
2016-12-22,15335.2002
2016-12-23,15328.2002
2016-12-28,15361.09961
2016-12-29,15422.09961
2016-12-30,15287.59961
2017-01-03,15403
2017-01-04,15516.7998
2017-01-05,15586.59961
2017-01-06,15496.09961
2017-01-09,15389
2017-01-10,15426.2998
2017-01-11,15491.5
2017-01-12,15418.2002
2017-01-13,15497.2998
2017-01-16,15479.2998
2017-01-17,15441.40039
2017-01-18,15397.90039
2017-01-19,15409.7998
2017-01-20,15547.90039
2017-01-23,15480.09961
2017-01-24,15610.7002
2017-01-25,15643.7998
2017-01-26,15615.5
2017-01-27,15575.7998
2017-01-30,15405.09961
2017-01-31,15386
2017-02-01,15402.40039
2017-02-02,15399.09961
2017-02-03,15476.40039
2017-02-06,15456.90039
2017-02-07,15498.7998
2017-02-08,15554
2017-02-09,15617.2998
2017-02-10,15729.09961
2017-02-13,15756.59961
2017-02-14,15786
2017-02-15,15845
2017-02-16,15864.2002
2017-02-17,15838.59961
2017-02-21,15922.40039
2017-02-22,15830.2002
2017-02-23,15781.2002
2017-02-24,15533.5
2017-02-27,15463.5
2017-02-28,15399.2002
2017-03-01,15599.7002
2017-03-02,15536.7002
2017-03-03,15608.5
2017-03-06,15629.7998
2017-03-07,15608.7998
2017-03-08,15497
2017-03-09,15496.7998
2017-03-10,15506.7002
2017-03-13,15544.7998
2017-03-14,15379.59961
2017-03-15,15520.90039
2017-03-16,15562.40039
2017-03-17,15490.5
2017-03-20,15442.2998
2017-03-21,15313.09961
2017-03-22,15348.5
2017-03-23,15433.59961
2017-03-24,15442.7002
2017-03-27,15506.2002
2017-03-28,15598.59961
2017-03-29,15657.59961
2017-03-30,15578.7998
2017-03-31,15547.7998
2017-04-03,15584.40039
2017-04-04,15669.09961
2017-04-05,15643
2017-04-06,15697.2002
2017-04-07,15667.09961
2017-04-10,15730.7998
2017-04-11,15727.09961
2017-04-12,15648.40039
2017-04-13,15535.5
2017-04-17,15684.90039
2017-04-18,15622.59961
2017-04-19,15552.90039
2017-04-20,15625.59961
2017-04-21,15614.5
2017-04-24,15712.5
2017-04-25,15745.2002
2017-04-26,15649.5
2017-04-27,15506.5
2017-04-28,15586.09961
2017-05-01,15575.59961
2017-05-02,15619.7002
2017-05-03,15543.09961
2017-05-04,15396.7002
2017-05-05,15582
2017-05-08,15652.09961
2017-05-09,15569.2002
2017-05-10,15633.2002
2017-05-11,15550.59961
2017-05-12,15537.90039
2017-05-15,15629.5
2017-05-16,15543.2998
2017-05-17,15273.7002
2017-05-18,15277.2002
2017-05-19,15458.5
2017-05-23,15476.90039
2017-05-24,15419.5
2017-05-25,15410.7002
2017-05-26,15416.90039
2017-05-29,15421.90039
2017-05-30,15372.40039
2017-05-31,15349.90039
2017-06-01,15469.90039
2017-06-02,15442.7998
2017-06-05,15409.7998
2017-06-06,15464.59961
2017-06-07,15372.09961
2017-06-08,15423.09961
2017-06-09,15473.2002
2017-06-12,15383.7998
2017-06-13,15379.7998
2017-06-14,15170.09961
2017-06-15,15160.40039
2017-06-16,15192.5
2017-06-19,15266
2017-06-20,15149.59961
2017-06-21,15148.5
2017-06-22,15219.90039
2017-06-23,15319.59961
2017-06-26,15316
2017-06-27,15281.2002
2017-06-28,15355.59961
2017-06-29,15213.40039
2017-06-30,15182.2002
2017-07-04,15130.59961
2017-07-05,15153.09961
2017-07-06,15078
2017-07-07,15027.2002
2017-07-10,15105.2998
2017-07-11,15149.09961
2017-07-12,15144
2017-07-13,15135
2017-07-14,15174.7998
2017-07-17,15165.40039
2017-07-18,15149.59961
2017-07-19,15244.7002
2017-07-20,15264.59961
2017-07-21,15183.09961
2017-07-24,15128.7002
2017-07-25,15202.40039
2017-07-26,15171.40039
2017-07-27,15191.40039
2017-07-28,15128.7002
2017-07-31,15143.90039
2017-08-01,15202.09961
2017-08-02,15265.59961
2017-08-03,15192
2017-08-04,15258
2017-08-08,15256.40039
2017-08-09,15217.2998
2017-08-10,15074.2998
2017-08-11,15033.40039
2017-08-14,15119.90039
2017-08-15,15097.7998
2017-08-16,15082.2002
2017-08-17,15033.59961
2017-08-18,14952.2998
2017-08-21,14951.90039
2017-08-22,14985
2017-08-23,15063.2002
2017-08-24,15076.2002
2017-08-25,15056
2017-08-28,15052
2017-08-29,15082.7002
2017-08-30,15133.09961
2017-08-31,15211.90039
2017-09-01,15191.59961
2017-09-05,15090.2002
2017-09-06,15059.7998
2017-09-07,15024.5
2017-09-08,14985.2998
2017-09-11,15040.2998
2017-09-12,15143.40039
2017-09-13,15126.7998
2017-09-14,15172.7002
2017-09-15,15173
2017-09-18,15236.7002
2017-09-19,15293
2017-09-20,15389.59961
2017-09-21,15454.90039
2017-09-22,15454.2002
2017-09-25,15516.2002
2017-09-26,15474.09961
2017-09-27,15609.7002
2017-09-28,15618.2998
2017-09-29,15634.90039
2017-10-02,15705
2017-10-03,15728.5
2017-10-04,15721
2017-10-05,15776.2998
2017-10-06,15728.2998
2017-10-10,15770.40039
2017-10-11,15800.40039
2017-10-12,15742.2002
2017-10-13,15807.2002
2017-10-16,15802.7002
2017-10-17,15816.90039
2017-10-18,15782.2002
2017-10-19,15818
2017-10-20,15857.2002
2017-10-23,15855.7998
2017-10-24,15905.09961
2017-10-25,15854.7998
2017-10-26,15891.59961
2017-10-27,15953.5
2017-10-30,16002.7998
2017-10-31,16025.59961
2017-11-01,16029.2998
2017-11-02,16015
2017-11-03,16020.2002
2017-11-06,16092.2002
2017-11-07,16131.7998
2017-11-08,16105.40039
2017-11-09,16082.09961
2017-11-10,16039.2998
2017-11-13,16026.2998
2017-11-14,15913.09961
2017-11-15,15878.5
2017-11-16,15935.40039
2017-11-17,15998.59961
2017-11-20,16004.40039
2017-11-21,16076.7002
2017-11-22,16073.59961
2017-11-23,16074.2998
2017-11-24,16108.09961
2017-11-27,16042.09961
2017-11-28,16029.59961
2017-11-29,15967.7002
2017-11-30,16067.5
2017-12-01,16039
2017-12-04,15969
2017-12-05,15915.7002
2017-12-06,15908.7998
2017-12-07,16015.7002
2017-12-08,16096.09961
2017-12-11,16103.5
2017-12-12,16114
2017-12-13,16136.59961
2017-12-14,16016.5
2017-12-15,16042
2017-12-18,16131.59961
2017-12-19,16133.40039
2017-12-20,16159.7002
2017-12-21,16182.59961
2017-12-22,16165.2998
2017-12-27,16203.09961
2017-12-28,16222
2017-12-29,16209.09961
2018-01-02,16310
2018-01-03,16371.59961
2018-01-04,16412.90039
2018-01-05,16349.40039
2018-01-08,16317.7002
2018-01-09,16319.2002
2018-01-10,16248
2018-01-11,16286.90039
2018-01-12,16308.2002
2018-01-15,16371.7998
2018-01-16,16298.90039
2018-01-17,16326.7002
2018-01-18,16284.5
2018-01-19,16353.5
2018-01-22,16348
2018-01-23,16357.59961
2018-01-24,16284.2002
2018-01-25,16204
2018-01-26,16239.2002
2018-01-29,16094.7002
2018-01-30,15955.5
2018-01-31,15951.7002
2018-02-01,15860.90039
2018-02-02,15606
2018-02-05,15334.7998
2018-02-06,15363.90039
2018-02-07,15330.59961
2018-02-08,15065.59961
2018-02-09,15034.5
2018-02-12,15241.90039
2018-02-13,15216.5
2018-02-14,15328.2998
2018-02-15,15407.7002
2018-02-16,15452.59961
2018-02-20,15439.40039
2018-02-21,15524
2018-02-22,15508.2002
2018-02-23,15638.5
2018-02-26,15714.7002
2018-02-27,15671.2002
2018-02-28,15442.7002
2018-03-01,15394
2018-03-02,15384.59961
2018-03-05,15541.2998
2018-03-06,15545.2002
2018-03-07,15472.59961
2018-03-08,15538.7002
2018-03-09,15577.7998
2018-03-12,15604.7998
2018-03-13,15647.09961
2018-03-14,15653.59961
2018-03-15,15670.59961
2018-03-16,15711.2998
2018-03-19,15589.40039
2018-03-20,15616.40039
2018-03-21,15675.2998
2018-03-22,15399.90039
2018-03-23,15223.7002
2018-03-26,15298.59961
2018-03-27,15216.2002
2018-03-28,15169.90039
2018-03-29,15367.2998
2018-04-02,15213.5
2018-04-03,15180.7998
2018-04-04,15164.40039
2018-04-05,15356.09961
2018-04-06,15207.40039
2018-04-09,15227.7002
2018-04-10,15262.09961
2018-04-11,15257.90039
2018-04-12,15269.2998
2018-04-13,15274
2018-04-16,15300.40039
2018-04-17,15353.2998
2018-04-18,15530
2018-04-19,15454.40039
2018-04-20,15484.2998
2018-04-23,15552.09961
2018-04-24,15477
2018-04-25,15509.7998
2018-04-26,15637.59961
2018-04-27,15668.90039
2018-04-30,15607.90039
2018-05-01,15618.90039
2018-05-02,15627.90039
2018-05-03,15621.5
2018-05-04,15729.40039
2018-05-07,15808.59961
2018-05-08,15842.7002
2018-05-09,15910.7998
2018-05-10,15959.5
2018-05-11,15983.2998
2018-05-14,16085.59961
2018-05-15,16097.7998
2018-05-16,16108.09961
2018-05-17,16143.59961
2018-05-18,16162.2998
2018-05-22,16144.7998
2018-05-23,16133.7998
2018-05-24,16113.59961
2018-05-25,16075.7002
2018-05-28,16016.09961
2018-05-29,15922.59961
2018-05-30,16048.7002
2018-05-31,16061.5
2018-06-01,16043.5
2018-06-04,16052.2002
2018-06-05,16122.2998
2018-06-06,16183.90039
2018-06-07,16192.7998
2018-06-08,16202.7002
2018-06-11,16263.2998
2018-06-12,16289
2018-06-13,16265.7998
2018-06-14,16329
2018-06-15,16314.40039
2018-06-18,16383.59961
2018-06-19,16316.5
2018-06-20,16421
2018-06-21,16335.2002
2018-06-22,16450.09961
2018-06-25,16184
2018-06-26,16280.09961
2018-06-27,16231.2998
2018-06-28,16179.90039
2018-06-29,16277.7002
2018-07-03,16263.2002
2018-07-04,16304.7002
2018-07-05,16266.59961
2018-07-06,16371.7998
2018-07-09,16452.30078
2018-07-10,16548.69922
2018-07-11,16417.30078
2018-07-12,16567.40039
2018-07-13,16561.09961
2018-07-16,16494.69922
2018-07-17,16519.19922
2018-07-18,16477.40039
2018-07-19,16543
2018-07-20,16435.5
2018-07-23,16420.80078
2018-07-24,16390.09961
2018-07-25,16420.80078
2018-07-26,16455.69922
2018-07-27,16394
2018-07-30,16345.5
2018-07-31,16434
2018-08-01,16376.7998
2018-08-02,16409.19922
2018-08-03,16420.19922
2018-08-07,16286.2998
2018-08-08,16315.09961
2018-08-09,16417
2018-08-10,16326.5
2018-08-13,16250.7998
2018-08-14,16330.7002
2018-08-15,16148.5
2018-08-16,16225.7002
2018-08-17,16323.7002
2018-08-20,16331
2018-08-21,16297
2018-08-22,16347.2998
2018-08-23,16326.7998
2018-08-24,16356.09961
2018-08-27,16444.40039
2018-08-28,16355.5
2018-08-29,16390.30078
2018-08-30,16371.59961
2018-08-31,16262.90039
2018-09-04,16161.2998
2018-09-05,16137.59961
2018-09-06,16100.90039
2018-09-07,16090.2998
2018-09-10,16057.09961
2018-09-11,16094.2998
2018-09-12,16049
2018-09-13,16001.7002
2018-09-14,16013.5
2018-09-17,16082.2998
2018-09-18,16196
2018-09-19,16149.90039
2018-09-20,16214.7998
2018-09-21,16224.09961
2018-09-24,16207.2998
2018-09-25,16159.5
2018-09-26,16169.2998
2018-09-27,16204.59961
2018-09-28,16073.09961
2018-10-01,16104.40039
2018-10-02,16017.2002
2018-10-03,16072.09961
2018-10-04,16006.7002
2018-10-05,15946.2002
2018-10-09,15854.09961
2018-10-10,15517.40039
2018-10-11,15317.09961
2018-10-12,15414.2998
2018-10-15,15409.5
2018-10-16,15579.7002
2018-10-17,15529.90039
2018-10-18,15404.09961
2018-10-19,15470.09961
2018-10-22,15412.7002
2018-10-23,15285.2002
2018-10-24,14909.09961
2018-10-25,14924.09961
2018-10-26,14888.2998
2018-10-29,14721.7998
2018-10-30,14894.5
2018-10-31,15027.2998
2018-11-01,15150.2002
2018-11-02,15119.2998
2018-11-05,15217.7002
2018-11-06,15292.7002
2018-11-07,15369.40039
2018-11-08,15357.5
2018-11-09,15274.40039
2018-11-12,15156.40039
2018-11-13,15131.7998
2018-11-14,15133.09961
2018-11-15,15144.90039
2018-11-16,15155.5
2018-11-19,15071
2018-11-20,14877
2018-11-21,15095
2018-11-22,15091.59961
2018-11-23,15010.7002
2018-11-26,15012.7002
2018-11-27,14944.09961
2018-11-28,15171.2998
2018-11-29,15194
2018-11-30,15197.7998
2018-12-03,15275
2018-12-04,15063.59961
2018-12-05,15182.59961
2018-12-06,14937
2018-12-07,14795.09961
2018-12-10,14728.2998
2018-12-11,14667.7998
2018-12-12,14783.09961
2018-12-13,14750.40039
2018-12-14,14595.09961
2018-12-17,14362.7002
2018-12-18,14416.90039
2018-12-19,14264.09961
2018-12-20,14141.7998
2018-12-21,13935.40039
2018-12-24,13780.2002
2018-12-27,14165.2002
2018-12-28,14222
2018-12-31,14322.90039
2019-01-02,14347.2002
